I,K,best_min,best_max,best_ave,worst_min,worst_max,worst_ave
20,4,1.74338e+06,2.56221e+06,2.09287e+06,1.07304e+07,3.15741e+07,1.97842e+07
20,5,2.31988e+06,4.17308e+06,3.12391e+06,2.77425e+07,4.64578e+07,3.78792e+07
20,6,2.78079e+06,9.9595e+06,5.63733e+06,4.5639e+07,8.56476e+08,3.21133e+08
20,7,4.16838e+06,1.07261e+07,7.42579e+06,7.40676e+07,8.63231e+08,5.06254e+08
