I,K,best_min,best_max,best_ave,worst_min,worst_max,worst_ave, bound_ave, gap_ave
60,16,34500,65250,51166.6,4.54107e+11,5.72851e+11,5.13157e+11,38741.6,0.0160593
80,16,43000,46167,44850.2,4.6243e+11,5.75226e+11,5.36502e+11,43491.6,0.0130767
100,16,53708,63167,56716.6,4.85628e+11,5.92893e+11,5.47603e+11,41250.4,0.00798186
