I,K,instance, so_assignment, so_misplace, so_obj, best_assign, worst_assign, best_misplace, worst_misplace, best, worst, time_best, time_worst, worst_lb, worst_ub, gap, time_bound,
20,16,1,0,0,0,327911,334941,1135,8987,350611,514008,47875,3.75E+10,513420,514681,0.00245327,29708,0.002456079
20,16,2,0,0,0,226025,245644,1640,9445,244065,347029,26500,3.98E+10,345973,349539,0.0102758,29917,0.010307163
20,16,3,0,0,0,275755,306373,1356,9171,338131,722682,18000,4.21E+10,720905,728239,0.0101483,28208,0.010173324
20,16,4,0,0,0,368297,373937,1839,12515,473120,1.09E+06,16958,3.63E+10,1.09E+06,1.09E+06,0.000294396,34041,0.000294396
20,16,5,0,0,0,303861,342743,1297,9573,375196,853157,17250,4.67E+10,851722,869258,0.0205542,22125,0.020588878