I,K,instance, so_assignment, so_misplace, so_obj, best_assign, worst_assign, best_misplace, worst_misplace, best, worst, time_best, time_worst, worst_lb, worst_ub, gap, time_bound,
20,16,1,0,0,0,216711,259652,1404,9015,256023,507233,17708,4.84E+11,501589,512072,0.020667,55959,0.020899581
20,16,2,0,0,0,363652,411805,1306,9219,401526,659941,23833,5.32E+11,657433,679156,0.0329166,48625,0.03304215
20,16,3,0,0,0,295992,330439,1186,10296,320898,539540,16750,5.01E+11,539474,546655,0.0133095,50583,0.013311114
20,16,4,0,0,0,227176,282412,994,6630,232146,311350,17375,5.13E+11,307089,315562,0.0272137,41333,0.02759135
20,16,5,0,0,0,317537,361073,1130,8129,335617,487628,18750,4.54E+11,484817,491137,0.0129607,56875,0.013035847