K,instance,time,gap
12,1,3.60479e+12,0.701704
12,2,3.60347e+12,0.307851
12,3,3.60501e+12,0.425439
12,4,3.6109e+12,0.60745
12,5,3.60615e+12,0.330798
