K,best_time,worst_time,mean_time,best_gap,worst_gap,mean_gap
4,3.569e+06,2.07979e+07,8.5178e+06,0,0,0
6,1.18245e+07,1.1791e+08,6.10094e+07,0,0,0
8,8.34641e+07,5.02867e+09,1.89668e+09,0,5.86061e-05,1.0751e-05
10,6.42233e+09,3.60656e+12,1.47134e+12,5.1458e-05,0.777778,0.0778623
12,3600,3600,3600,0.240244,0.722772,0.4594185
14,3600,3600,3600,0.159223,0.755162,0.3984853
16,3600,3600,3600,0.120829,0.498638,0.2735705
18,3600,3600,3600,0.125767,0.327839,0.1799324
20,3600,3600,3600,0.0802407,0.288978,0.15944798