K,instance,time,gap
12,6,3.60022e+12,0.240244
12,7,3.60097e+12,0.531183
12,8,3.60094e+12,0.480776
12,9,3.60123e+12,0.722772
12,10,3.60014e+12,0.245968