K,instance,time,gap
14,1,3.60307e+12,0.303774
14,2,3.60344e+12,0.252066
14,3,3.78756e+12,0.182986
